username,first_name,last_name,wallet,city,email,password,password_confirmation
david_chan,david,chan,47,Vancouver,david_chan@gmail.com,pepper12,pepper12
ben_jargon,ben,jargon,57,Vancouver,benjargon@gmail.com,pepper12,pepper12
baller,steph ,hawkins,51,Montreal,steph_hawkins@gmail.com,pepper12,pepper12
pizzaGuy,claire,khan,31,Calgary,klaire_bear@gmail.com,pepper12,pepper12
santaMan,john,grossman,15,Edmonton,js@gmail.com,pepper12,pepper12
pichaPicha,Dawn,Lawn,32,Winnipeg,dawn@gmail.com,pepper12,pepper12
willy,William,Wright,53,Toronto,william.j.wright@gmail.com,pepper12,pepper12
patrick_tucker,patrick,tucker,41,Victoria,patrick_tucker@gmail.com,pepper12,pepper12
TamTam,Talim,Kwala,33,Vancouver,tamtam@gmail.com,pepper12,pepper12
Rosaz,Rosa,McLaren,32,Victoria,Rosa@gmail.com,pepper12,pepper12
dockhands,dan,hawkins,33,Vancouver,danhawkins4@gmail.com,pepper12,pepper12
Tony,Myrah,Tousy,9,San Vicente,mtousy0@360.cn,pepper12,pepper12
Keylex,Clary,Jeste,44,Leon,cjeste1@issuu.com,pepper12,pepper12
Sonsing,Jdavie,Gorthy,55,Kaytitinga,jgorthy2@ihg.com,pepper12,pepper12
Subin,Sheilakathryn,O'Luney,30,Casal Galego,soluney3@imgur.com,pepper12,pepper12
Regrant,Germain,Shayes,33,Béré,gshayes4@guardian.co.uk,pepper12,pepper12
Job,Brittni,Garrard,27,La Libertad,bgarrard5@marketwatch.com,pepper12,pepper12
Temp,Trista,Mandre,60,Hongyuan,tmandre6@cdc.gov,pepper12,pepper12
It,Gill,Ackermann,14,West Island,gackermann7@dyndns.org,pepper12,pepper12
Job,Karlik,Sommerfeld,33,Nanping,ksommerfeld8@wisc.edu,pepper12,pepper12
Latlux,Vittoria,Oultram,40,Thành Phố Lạng Sơn,voultram9@usnews.com,pepper12,pepper12
Sonair,Kelsey,Hogsden,26,Oum Hadjer,khogsdena@wsj.com,pepper12,pepper12
Quo Lux,Devan,Lockney,56,Enonkoski,dlockneyb@163.com,pepper12,pepper12
Bitwolf,Randolf,Scawn,13,Kongkeshu,rscawnc@ask.com,pepper12,pepper12
Cookley,Gilligan,De L'Isle,50,Jedlová,gdelisled@cnbc.com,pepper12,pepper12
Trippledex,Vilhelmina,Eginton,9,Demba,vegintone@comcast.net,pepper12,pepper12
Cookley,Ira,Farlham,5,Bykhaw,ifarlhamf@cnet.com,pepper12,pepper12
Voyatouch,Veronika,Plank,27,Fort Beaufort,vplankg@zimbio.com,pepper12,pepper12
Pannier,Orel,Tamas,57,Malvern,otamash@icq.com,pepper12,pepper12
Tresom,Aime,Wildin,37,Leduc,awildini@csmonitor.com,pepper12,pepper12
Lotstring,Jeane,Bemwell,11,Saubara,jbemwellj@noaa.gov,pepper12,pepper12
Fix San,Katherine,Brahan,36,Gaohong,kbrahank@scribd.com,pepper12,pepper12
Voltsillam,Denice,MacRorie,55,Rivadavia,dmacroriel@slate.com,pepper12,pepper12
Overhold,Ricard,Banbrigge,28,Kuala Terengganu,rbanbriggem@cisco.com,pepper12,pepper12
Zamit,Amity,Smooth,55,Tommot,asmoothn@mac.com,pepper12,pepper12
Cardguard,Westleigh,Rigolle,53,Chongjin,wrigolleo@vimeo.com,pepper12,pepper12
Holdlamis,Angus,Franchyonok,28,Dachnoye,afranchyonokp@chronoengine.com,pepper12,pepper12
Sub-Ex,Grazia,Floris,28,Bonao,gflorisq@businesswire.com,pepper12,pepper12
Alphazap,Reeva,Aicken,53,Meudon,raickenr@moonfruit.com,pepper12,pepper12
Tres-Zap,Darlleen,Fisby,10,Albergaria,dfisbys@netlog.com,pepper12,pepper12
Rank,Damian,Chaucer,18,Čerčany,dchaucert@nationalgeographic.com,pepper12,pepper12
Bamity,Ki,Delepine,41,Penanggapan,kdelepineu@artisteer.com,pepper12,pepper12
It,Tisha,Blanque,31,Liulin,tblanquev@weibo.com,pepper12,pepper12
Alphazap,Daniella,Corradino,60,San Andres,dcorradinow@harvard.edu,pepper12,pepper12
Tresom,Avrom,Beachamp,41,E’erdun Wula,abeachampx@macromedia.com,pepper12,pepper12
Transcof,Claretta,Matusson,19,Bobigny,cmatussony@reuters.com,pepper12,pepper12
Overhold,Leupold,Jenkyn,41,Tuntum,ljenkynz@alexa.com,pepper12,pepper12
Otcom,Robin,Martusov,46,Jargalant,rmartusov10@ibm.com,pepper12,pepper12
Duobam,Casey,Mewitt,57,Dzhalilabad,cmewitt11@abc.net.au,pepper12,pepper12
Ventosanzap,Mel,Shasnan,26,Węgry,mshasnan12@cnbc.com,pepper12,pepper12
Regrant,Rawley,Ashby,60,Nawal,rashby13@disqus.com,pepper12,pepper12
Vagram,Madonna,Zecchinii,53,Villanueva,mzecchinii14@reuters.com,pepper12,pepper12
Namfix,Adrea,Gladhill,26,Mouzáki,agladhill15@state.tx.us,pepper12,pepper12
Sonsing,Cassondra,Ollier,9,Yashiro,collier16@netvibes.com,pepper12,pepper12
Keylex,Christabel,Tocher,60,Mombaça,ctocher17@fema.gov,pepper12,pepper12
Bamity,Tiff,Ewells,37,Topeka,tewells18@istockphoto.com,pepper12,pepper12
Tin,Diarmid,Gerbel,35,Kasulu,dgerbel19@infoseek.co.jp,pepper12,pepper12
Ronstring,Livvie,Mickleborough,33,Ubá,lmickleborough1a@joomla.org,pepper12,pepper12
Stringtough,Angeline,Manchester,26,Kebon,amanchester1b@cocolog-nifty.com,pepper12,pepper12
Opela,Nerte,Cree,15,Oesao,ncree1c@weather.com,pepper12,pepper12
Vagram,Alikee,Sturr,36,Xiachen,asturr1d@sogou.com,pepper12,pepper12
Greenlam,Dickie,Darinton,32,Honolulu,ddarinton1e@twitpic.com,pepper12,pepper12
Temp,Ralf,Hughill,23,Koupéla,rhughill1f@google.de,pepper12,pepper12
Toughjoyfax,Wynny,MacRinn,24,Kankara,wmacrinn1g@tuttocitta.it,pepper12,pepper12
Transcof,Urson,Chauvey,50,San Vicente de Bique,uchauvey1h@google.de,pepper12,pepper12
Viva,Rona,Gregorio,49,Markovo,rgregorio1i@businesswire.com,pepper12,pepper12
Job,Malena,Salliere,37,Youzha,msalliere1j@acquirethisname.com,pepper12,pepper12
Daltfresh,Gilli,Torricella,47,Vejprnice,gtorricella1k@deviantart.com,pepper12,pepper12
Treeflex,Saudra,Levine,31,Bingawan,slevine1l@ycombinator.com,pepper12,pepper12
Stim,Chas,Ragat,19,Szczawno-Zdrój,cragat1m@baidu.com,pepper12,pepper12